YEAR,AGID,SPNAME,Fish ID,Web ID,Old ID,County,Sectemp,Gear,Batch,Fish #,Type,Condition,MONTH,Day,Sacrifice Date,WEIGHT,GRAM,Wt from Angler?,SL (mm),SL (in),FORK,FL (in),TOTAL,TOTAL2,SIZE,Water,AREA,Sample Wt,Fisherman,MorF,SEX,JVSEX,Assumed Sex,Stage,Structures Collected,Gonads Harvested,Gonad Wt,Muscle Sample,Stomach collected,Scott Oto,Hank Oto,Joey 1st Oto,Joey 2nd Oto,Billy Oto,Joey MI,MI,Prev Inc,Final MI Age,Joey 1,Joey 2,Billy,OTOAGE,New Age,STATE,AGE,Hank Scale,Joey Scale,Billy Scale,Scale Age,Joey Spine,Hank Spine,Billy Spine,Spine Age,Site,Notes,Comments
2006,1,Sheepshead,AP6-001,C001,,45,3849,142,162,1,C,1,5,9,5/9/2006,2,1907.2,FALSE,293,11.5,433,13.1,469,14.5,14,306,BAY,2,,F,2,2,2,3,2,FALSE,,FALSE,FALSE,9,9+10,9+10,9+10,9+10,9+10,49.56,62.4,10,10,10,10,10,9.939726027,VA,10,,,,,,,,,,,
2006,2,Sheepshead,AP6-002,C002,,45,3849,142,153,1,C,1,5,9,5/5/2006,5.085,2307,FALSE,395,15.6,445,17.5,486,19.1,19,306,BAY,5,,M,1,1,1,2,2,FALSE,,FALSE,FALSE,5,4+5,4+5,4+5,5,4+5,84.51,102.88,5,5,5,5,5,4.939726027,VA,5,,,,,,,,,,,
2006,3,Sheepshead,AP6-003,C003,,45,975,142,158,1,C,1,5,9,5/9/2006,3.976,1803,FALSE,369,14.5,425,16.7,469,18.5,18,306,BAY,4,,M,1,1,1,4,2,FALSE,,FALSE,FALSE,5,5,5+6,5+6,6,5+6,112.05,123.07,6,6,6,6,6,5.939726027,VA,6,,,,,,,,,,,
2006,4,Sheepshead,AP6-004,C004,,45,3849,142,183,1,C,1,5,10,5/10/2006,4.404,1998,FALSE,385,15.2,438,17.2,486,19.1,19,306,BAY,4,,F,2,2,2,3,2,FALSE,,FALSE,FALSE,5,4+5,4+5,5,5,4+5,79.03,115.78,5,5,5,5,5,4.942465753,VA,5,,,,,,,,,,,
2006,5,Sheepshead,AP6-005,C005,,45,3849,142,189,1,C,1,5,16,5/13/2006,2.502,1135,FALSE,319,12.6,362,14.3,405,15.9,15,306,BAY,4.8,,F,2,2,2,2,5,TRUE,,FALSE,FALSE,3,2+3,3+3,3,3,3+3,20.2,130.41,3,3,3,3,3,2.95890411,VA,3,,,,,4,,,,,,
2006,6,Sheepshead,AP6-006,C006,,45,3849,142,189,2,C,1,5,16,5/13/2006,2.302,1044,FALSE,314,12.4,357,14.1,383,15.1,15,306,BAY,,,M,1,1,1,2,5,TRUE,,FALSE,FALSE,3,2+3,2+3,3+3,3,2+3,194.47,242.36,3,3,3,3,3,2.95890411,VA,3,,,,,,,,,,,
2006,7,Sheepshead,AP6-007,D001,,,,22,,,R,2,6,5,6/4/2006,8.938,4054,TRUE,461,18.1,525,20.7,580,,0,,,,Larry Schneider,M,1,1,1,2,3,FALSE,,FALSE,FALSE,17,17+17,17+18,17+18,17+18,17+18,55.1,44.08,18,18,18,18,18,18.01369863,VA,18,,,,,14,,,,,"Larry is associated with CCA Conservation Alliance, VA",
2006,8,Sheepshead,AP6-008,C007,,45,3849,142,249,1,C,1,6,8,6/8/2006,10.278,4662,FALSE,511,20.1,572,22.5,624,24.6,24,306,BAY,,,F,2,2,2,4,3,TRUE,,TRUE,TRUE,13,13+13,13+14,13+14,14,13+13,44.05,82.6,13,14,14,14,14,14.02191781,VA,14,,,,,12,,,,,,
2006,9,Sheepshead,AP6-009,C008,,,2185,70,264,1,C,2,6,13,6/13/2006,8.54,3874,FALSE,480,18.9,550,21.7,607.5,,0,336,BAY,,,F,2,2,2,3,3,TRUE,,TRUE,TRUE,8,8,8+8,8+9,9,8+8,18.37,99.19,8,8,9,9,9,9.035616438,VA,9,,,,,12+13,,,,,,
2006,10,Sheepshead,AP6-010,C009,,1,314,100,260,1,C,1,6,13,6/13/2006,7.042,3194,FALSE,444,17.5,496,19.5,541,21.3,21,625,OCEAN,,,F,2,2,2,4,4,TRUE,,TRUE,FALSE,6,6+6,7,6+7,7,7,0,97.31,7,7,7,7,7,7.035616438,VA,7,,,,,7+8,,,,,,
2006,11,Sheepshead,AP6-013,4001,,,,22,,,R,2,6,14,6/14/2006,9.5,4309,TRUE,492,19.4,550,21.7,612,24.1,24,,,,Dr. Julie Ball,F,2,2,2,3,,TRUE,66.38,TRUE,TRUE,10,11+11,11+11,11+11,14,11+11,12.85,101,11,11,11,14,11,11.03835616,VA,11,,,,,12+12,,,,,,
2006,12,Sheepshead,AP6-014,4002,,,,22,,,R,2,6,14,6/14/2006,10.82,4908,TRUE,502,19.8,561,22.1,625,24.6,24,,,,Dr. Julie Ball,F,2,2,2,3,,TRUE,66.635,TRUE,TRUE,15,15,15,15+15,14,15,0,47.74,15,15,15,14,15,15.03835616,VA,15,,,,,18,,,,,757-713-7517,
2006,13,Sheepshead,AP6-015,C010,,1,314,100,266,1,C,1,6,15,6/15/2006,10.245,4647,FALSE,512,20.2,577,22.7,636,25,25,625,OCEAN,10,,F,2,2,2,2,3,TRUE,29.863,TRUE,FALSE,20,22,22+22,23,23,22+22,5.51,44.05,22,22,23,23,23,23.04109589,VA,23,,,,,14+15,,,,,,
2006,14,Sheepshead,AP6-016,C011,,45,3849,142,267,1,C,1,6,15,6/15/2006,8.683,3939,FALSE,480,18.9,538,21.2,578,22.8,22,306,BAY,13,fish 1,F,2,2,2,3,3,TRUE,32.979,TRUE,FALSE,14,15,15,14+15,14,15,0,38.56,15,15,15,14,15,15.04109589,VA,15,,,,,10+10,,,,,,
2006,15,Sheepshead,AP6-017,C012,,45,3849,142,267,2,C,1,6,15,6/15/2006,4.807,2180,FALSE,398,15.7,454,17.9,502,19.8,19,306,BAY,13,fish 2,M,1,1,1,2,3,TRUE,12.462,TRUE,FALSE,5,7,6+7,7,6,6+7,75.02,96.14,7,7,7,6,7,7.04109589,VA,7,,,,,6+6,,,,,,
2006,16,Sheepshead,AP6-018,4032,,,,,,,R,1,6,18,6/17/2006,5.25,2381,TRUE,396,15.6,444,17.5,493,19.4,19,,,,Justin Hurst,M,1,1,1,2,3,TRUE,10.789,TRUE,FALSE,6,6+6,7,7,8,7,0,82.66,7,7,7,8,7,7.049315068,VA,7,,,,,6+7,,,,4th Island,,
2006,17,Sheepshead,AP6-019,4030,,,,,,,R,1,6,17,6/17/2006,9.38,4255,TRUE,469,18.5,527,20.7,580,,0,,,,Justin Hurst,F,2,2,2,2,,FALSE,,FALSE,FALSE,13,14+14,15+16,14+15,16,15+16,42.23,36.72,16,16,15,16,16,16.04657534,VA,16,,,,,12+12,,,,4th Island,,
2006,18,Sheepshead,AP6-020,4024,,,,,,,R,1,6,17,6/17/2006,7.75,3515,TRUE,434,17.1,494,19.4,545,,0,,,,Justin Hurst,M,1,1,1,2,,FALSE,,FALSE,FALSE,16,17+17,17+18,18+18,17+18,17+18,49.59,54.43,18,18,18,18,18,18.04657534,VA,18,,,,,9+9,,,,4th Island,,
2006,19,Sheepshead,AP6-021,4031,,,,,,,R,1,6,17,6/17/2006,8.94,4055,TRUE,480,18.9,527,20.7,583,,0,,,,Justin Hurst,F,2,2,2,2,,TRUE,,FALSE,FALSE,20,22+22,23,23,22,23,0,34.89,23,23,23,22,23,23.04657534,VA,23,,,,,12+12,,,,4th Island,,
2006,20,Sheepshead,AP6-022,4035,,,,,,,R,1,6,17,6/17/2006,8.88,4028,TRUE,454,17.9,504,19.8,566,22.3,22,,,,Justin Hurst,F,2,2,2,4,,FALSE,,FALSE,FALSE,7,7,9,9,9,9,0,77.09,9,9,9,9,9,9.046575342,VA,9,,,,,7,,,,4th Island,,
2006,21,Sheepshead,AP6-023,4028,,,,,,,R,1,6,17,6/17/2006,6.38,2894,FALSE,414,16.3,465,18.3,514,20.2,20,,,,Justin Hurst,F,2,2,2,3,,TRUE,,FALSE,FALSE,5,5,5,5,5,5,0,113.9,5,5,5,5,5,5.046575342,VA,5,,,,,5+6,,,,4th Island,,
2006,22,Sheepshead,AP6-024,4025,,,,,,,R,1,6,17,6/17/2006,8.44,3828,TRUE,464,18.3,530,20.9,594,23.4,23,,,,Justin Hurst,M,1,1,1,2,,FALSE,,FALSE,FALSE,11,13,13+13,13+13,13+13,13+13,22.03,51.41,13,13,13,13,13,13.04657534,VA,13,,,,,6+6,,,,4th Island,,
2006,23,Sheepshead,AP6-025,4026,,,,,,,R,1,6,17,6/17/2006,8.25,3742,TRUE,460,18.1,514,20.2,565,,0,,,,Justin Hurst,M,1,1,1,2,,FALSE,,FALSE,FALSE,23,24,22,23+23,22+22,22,0,44.05,22,22,23,22,22,22.04657534,VA,22,,,,,15+15,,,,4th Island,,
2006,24,Sheepshead,AP6-026,4033,,,,,,,R,1,6,17,6/17/2006,7.31,3316,TRUE,424,16.7,477,18.8,534,,,,,,Justin Hurst,M,1,1,1,2,,FALSE,,FALSE,FALSE,12,13+13,13+13,13+13,13,13+13,14.69,49.59,13,13,13,13,13,13.04657534,VA,13,,,,,8+8,,,,4th Island,,
2006,25,Sheepshead,AP6-027,4029,,,,,,,R,1,6,17,6/17/2006,4,1814,TRUE,357,14.1,405,15.9,448,17.6,17,,,,Justin Hurst,F,2,2,2,3,,TRUE,,FALSE,FALSE,6,6+6,6+6,6+6,7,6+6,22.03,119.31,6,6,6,7,6,6.046575342,VA,6,,,,,10+10,,,,4th Island,,
2006,26,Sheepshead,AP6-028,4027,,,,,,,R,1,6,17,6/17/2006,5.81,2635,TRUE,398,15.7,457,18,505,19.9,19,,,,Justin Hurst,M,1,1,1,2,,FALSE,,FALSE,FALSE,7,6+6,7+7,7+7,8,7+7,25.73,132.3,7,7,7,8,7,7.046575342,VA,7,,,,,11+12,,,,4th Island,,
2006,27,Sheepshead,AP6-029,4021,,,,,,,R,1,6,17,6/17/2006,10.38,4708,TRUE,475,18.7,546,21.5,602,23.7,23,,,,Unknown,F,2,2,2,2,,TRUE,,FALSE,FALSE,16,15+15,15+15,15+15,15+15,15+15,14.69,75.27,15,15,15,15,15,15.04657534,VA,15,,,,,12+12,,,,CBBT,,
2006,28,Sheepshead,AP6-030,4023,,,,,,,R,2,6,17,6/17/2006,10.5,4763,TRUE,465,18.3,537,21.1,598,23.5,23,,,,Unknown,F,2,2,2,5,,TRUE,,FALSE,FALSE,17,16+16,16+16,16,16+16,16+16,25.69,85.29,16,16,16,16,16,16.04657534,VA,16,,,,,10+10,,,,CBBT,,
2006,29,Sheepshead,AP6-031,4034,,,,,,,R,2,6,17,6/17/2006,6.69,3035,TRUE,441,17.4,496,19.5,550,21.7,21,,,,Unknown,F,2,2,2,1,,TRUE,,FALSE,FALSE,7,8,9+9,9,10+10,9+9,23.87,58.77,9,9,9,10,9,9.046575342,VA,9,,,,,7+7,,,,CBBT,,
2006,30,Sheepshead,AP6-032,4036,,,,,,,R,1,6,17,6/17/2006,4.25,1928,TRUE,379,14.9,424,16.7,472,18.6,18,,,,Justin Hurst,M,1,1,1,3,,FALSE,,FALSE,FALSE,6,8+8,8+8,9,9,8+8,22.05,64.32,8,8,9,9,9,9.046575342,VA,9,,,,,8+8,,,,4th Island,,
2006,31,Sheepshead,AP6-033,4022,,,,,,,R,2,6,17,6/17/2006,11.13,5049,TRUE,508,20,573,22.6,648,25.5,25,,,,Unknown,F,2,2,2,3,,TRUE,,FALSE,FALSE,18,18+18,18+18,19,19,18+18,18.36,66.09,18,18,19,19,19,19.04657534,VA,19,,,,,8+8,,,,CBBT,,
2006,32,Sheepshead,AP6-034,4006,,,,,,,R,2,6,18,6/18/2006,8.5,2856,TRUE,368,14.5,425,16.7,467,18.4,18,,,,Mike Firestone,M,1,1,1,2,3,FALSE,,FALSE,FALSE,5,5,5,5,6,5,0,89.68,5,5,5,6,5,5.049315068,VA,5,,,,,5,,,,,"23"" fish 8.5 Lbs mike Firestone tag in pouch Tag #4017",1
2006,33,Sheepshead,AP6-035,4018,,,,,,,R,2,6,18,6/18/2006,8,3629,TRUE,473,18.6,528,20.8,585,23,23,,,,Mike Firestone,M,1,1,1,2,3,FALSE,,FALSE,FALSE,8,9,8+8,9+9,10,8+8,12.85,67.92,8,8,9,10,9,9.049315068,VA,9,,,,,8+8,,,,CBBT,,2
2006,34,Sheepshead,AP6-036,C013,,45,3849,142,277,1,C,1,6,20,6/20/2006,8.905,4039,FALSE,470,18.5,525,20.7,581,22.9,22,306,BAY,,,F,2,2,2,3,3,TRUE,71.741,TRUE,FALSE,9,10+10,10+10,9+10,10,10+10,14.91,56.91,10,10,10,10,10,10.05479452,VA,10,,,,,10+10,,,,,,
2006,35,Sheepshead,AP6-037,4014,,,,,,,R,2,6,20,6/20/2006,10.6,4808,TRUE,468,18.4,532,20.9,592,23.3,23,,,,Geoff Hockey,M,1,1,1,3,3,FALSE,,TRUE,FALSE,8,8+8,9+9,9+9,9,9+9,11.02,51.43,9,9,9,9,9,9.054794521,VA,9,,,,,8+8,,,,2nd Island,"No gonads, smelly",
2006,36,Sheepshead,AP6-038,4013,,,,,,,R,2,6,20,6/20/2006,8,3629,TRUE,443,17.4,506,19.9,547,21.5,21,,,,David Cohen,M,1,1,1,3,3,TRUE,25.719,TRUE,FALSE,7,8+8,8+9,9,9,8+9,55.1,51.42,9,9,9,9,9,9.054794521,VA,9,,,,,7+7,,,,1st Island,,
2006,37,Sheepshead,AP6-039,C014,,1,154,100,283,1,C,1,6,21,6/21/2006,7.915,3590,FALSE,467,18.4,531,20.9,584,23,23,625,OCEAN,,,F,2,2,2,4,3,TRUE,125.513,TRUE,TRUE,8,8+8,8+8,8+8,8,8+8,34.88,82.61,8,8,8,8,8,8.057534247,VA,8,,,,,8+8,,,,,,
2006,38,Sheepshead,AP6-040,C015,,45,3849,142,284,1,C,1,6,21,6/21/2006,6.538,2966,FALSE,410,16.1,469,18.5,512,20.2,20,306,BAY,,B284-1,M,1,1,1,1,3,TRUE,5.281,TRUE,TRUE,8,8,9+9,8+8,9,9+9,12.85,47.73,9,9,8,9,9,9.057534247,VA,9,,,,,,,,,,"Liver looked diseased, may have impacted reproductive viability",
2006,39,Sheepshead,AP6-041,C016,,45,3849,142,284,2,C,1,6,21,6/21/2006,11.079,5025,FALSE,518,20.4,582,22.9,645,,0,306,BAY,,Fish 2,F,2,2,2,4,3,TRUE,140.137,TRUE,TRUE,11,10+10,11+11,11+11,11+11,11+11,31.23,86.33,11,11,11,11,11,11.05753425,VA,11,,,,,17+17,,,,,,
2006,40,Sheepshead,AP6-042,LB001,,,,,,,R,2,6,25,6/25/2006,,,FALSE,472,18.6,528,20.8,585,23,23,,,,Not identified,F,2,2,2,3,3,FALSE,,TRUE,FALSE,10,10+10,11+11,11,11+11,11+11,14.69,53.24,11,11,11,11,11,11.06849315,VA,11,,,,,13+13,,,,,Long Bay Pointe,
2006,41,Sheepshead,AP6-043,LB002,,,,,,,R,2,6,25,6/25/2006,,,FALSE,485,19.1,536,21.1,594,23.4,23,,,,Unknown,F,2,2,2,2,3,TRUE,38.252,TRUE,FALSE,7,8,8+8,8+8,8,8+8,34.9,73.47,8,8,8,8,8,8.068493151,VA,8,,,,,10+11,,,,,Long Bay Pointe,
2006,42,Sheepshead,AP6-044,LB003,,,,,,,R,2,6,25,6/25/2006,,,FALSE,473,18.6,529,20.8,581,,0,,,,Unknown,F,2,2,2,2,3,TRUE,21.371,TRUE,FALSE,17,16+16,16+16,16,17,16+16,12.85,55.07,16,16,16,17,16,16.06849315,VA,16,,,,,15+15,,,,,Long Bay Pointe,
2006,43,Sheepshead,AP6-045,MS001,,,,,,,R,2,6,25,6/25/2006,,,FALSE,460,18.1,516,20.3,564,,,,,,Unknown,F,2,2,2,4,4,FALSE,,TRUE,FALSE,12,13+13,12+12,14,14,12+12,27.56,77.16,12,12,14,14,14,14.06849315,VA,14,,,,,13+13,,,,,"Marina at Marina Shores, Gonads Destroyed during filleting",
2006,44,Sheepshead,AP6-046,MS002,,,,,,,R,2,6,25,6/25/2006,,,FALSE,464,18.3,531,20.9,591,23.3,23,,,,Unknown,F,2,2,2,4,4,FALSE,,TRUE,FALSE,10,9+9,9+9,9+9,10,9+9,20.2,82.65,9,9,9,10,9,9.068493151,VA,9,,,,,14+14,,,,,"Marina at Marina Shores, gonads destroyed during filleting process",
2006,45,Sheepshead,AP6-047,2036,,,,,,,R,2,6,25,6/25/2006,11.5,5216,TRUE,511,20.1,560,22,623,24.5,24,,,,Bill Hiemer,M,1,1,1,2,3,FALSE,,FALSE,FALSE,16,17+17,17+17,18+18,18+18,17+17,11.02,40.41,17,17,18,18,18,18.06849315,VA,18,,,,,10+10,,,,1st Island,Gonads destroyed during filleting process,
2006,46,Sheepshead,AP6-048,2001,,,,,,,R,2,6,25,6/25/2006,13.5,6123,TRUE,527,20.7,595,23.4,655,25.8,25,,,,Marc Hiemer,F,2,2,2,3,3,FALSE,,TRUE,FALSE,17,19+19,19+19,19+19,20,19+19,14.69,53.27,19,19,19,20,19,19.06849315,VA,19,,,,,17+17,,,,2nd Island,Gonads destroyed during filleting process,
2006,47,Sheepshead,AP6-049,LC001,,,,,,,R,2,6,25,6/25/2006,,,FALSE,462,18.2,524,20.6,579,22.8,22,,,,Unknown,F,2,2,2,3,3,FALSE,,FALSE,FALSE,7,8+8,8+8,9,10+10,8+8,40.38,115.63,8,8,9,10,9,9.068493151,VA,9,,,,,8+8,,,,,Little Creek Marina.,
2006,48,Sheepshead,AP6-050,LC002,,,,,,,R,2,6,25,6/25/2006,,,FALSE,360,14.2,418,16.5,468,18.4,18,,,,Unknown,M,1,1,1,2,3,FALSE,,FALSE,FALSE,7,4+4,4+5,4+5,4+5,4+5,77.79,127.65,5,5,5,5,5,5.068493151,VA,5,,,,,7+7,,,,,Little Creek,
2006,49,Sheepshead,AP6-051,1035,,,,,,,R,2,6,25,6/25/2006,4,1814,TRUE,354,13.9,406,16,453,17.8,17,,,,Jere Humphrey,M,1,1,1,2,3,FALSE,,FALSE,FALSE,4,3+3,5,5,4+4,5,0,119.9,5,5,5,4,5,5.068493151,VA,5,,,,,4+4,,,,4th Island,,
2006,50,Sheepshead,AP6-052,1036,,,,,,,R,2,6,25,6/25/2006,8,3629,TRUE,459,18.1,518,20.4,572,22.5,22,,,,Jere Humphrey,F,2,2,2,3,3,TRUE,22.215,FALSE,FALSE,8,8+8,8+8,9,9,8+8,33.07,99.62,8,8,9,9,9,9.068493151,VA,9,,,,,8+8,,,,4th Island,,
2006,51,Sheepshead,AP6-053,C017,,51,4004,142,288,1,C,1,6,27,6/27/2006,4.31,1955,FALSE,391,15.4,444,17.5,487,19.2,19,307,BAY,14,,F,2,2,2,3,3,TRUE,28.18,TRUE,TRUE,5,4+4,4+5,5,5,4+5,101.52,112.47,5,5,5,5,5,5.073972603,VA,5,,,,,12+12,,,,,,
2006,52,Sheepshead,AP6-054,C018,,51,4004,142,288,2,C,1,6,27,6/27/2006,4.095,1857,FALSE,365,14.4,413,16.3,454,17.9,17,307,BAY,14,,M,1,1,1,3,3,FALSE,,FALSE,FALSE,6,8+8,8+8,8+8,8+8,8+8,40.4,97.32,8,8,8,8,8,8.073972603,VA,8,,,,,11+11,,,,,,
2006,53,Sheepshead,AP6-055,2006,,,,,,,R,2,7,1,7/1/2006,8.5,3856,TRUE,468,18.4,536,21.1,592,,0,,,,Charlie Maresh,M,1,1,1,1,3,TRUE,6.88,TRUE,FALSE,23,24+24,24+24,24+24,24+24,24+24,12.86,49.53,24,24,24,24,24,24.08493151,VA,24,,,,,19+19,,,,4th Island,Teeth retained for show and tell at talks,
2006,54,Sheepshead,AP6-056,MS003,,,,,,1,R,2,7,3,7/2/2006,,,FALSE,411,16.2,469,18.5,522,20.6,20,,,,Untagged,F,2,2,2,2,3,TRUE,24.944,TRUE,FALSE,7,8+8,7+7,6+7,6+6,7+7,25.72,108.41,7,7,7,6,7,7.090410959,VA,7,,,,,11+11,,,,,all others from Marina shores were in bad shape,Only gonads retained on 7/3/2006
2006,55,Sheepshead,AP6-057,MS004,,,,,,2,R,2,7,3,7/2/2006,,,FALSE,406,16,452,17.8,500,19.7,19,,,,Untagged,M,1,1,1,1,3,FALSE,,TRUE,FALSE,4,4+4,5+5,5+5,5,5+5,24.11,184.07,5,5,5,5,5,5.090410959,VA,5,,,,,4+5,,,,,"Too long in cooler, bad odor",
2006,56,Sheepshead,AP6-058,MS005,,,,,,3,R,,7,3,7/2/2006,,,FALSE,438,17.2,491,19.3,548,21.6,21,,,,Untagged,F,2,2,2,2,3,FALSE,,TRUE,FALSE,7,8+8,8+8,8+8,8+8,8+8,38.56,88.14,8,8,8,8,8,8.090410959,VA,8,,,,,12+12,,,,,,
2006,57,Sheepshead,AP6-059,MS006,,,,,,4,R,2,7,3,7/2/2006,,,FALSE,452,17.8,514,20.2,578,22.8,22,,,,Untagged,F,2,2,2,2,3,FALSE,,TRUE,FALSE,8,8+8,8+9,8+9,9,8+9,63.39,69.22,9,9,9,9,9,9.090410959,VA,9,,,,,8+8,,,,,,
2006,58,Sheepshead,AP6-060,MS007,,,,,,5,R,,7,3,7/2/2006,,,FALSE,412,16.2,461,18.1,513,20.2,20,,,,Untagged,F,2,2,2,3,3,FALSE,,TRUE,FALSE,8,8+8,9+9,8+9,9,9+9,23.89,53.28,9,9,9,9,9,9.090410959,VA,9,,,,,9+9,,,,,,
2006,59,Sheepshead,AP6-061,MS008,,,,,,6,R,2,7,3,7/2/2006,,,FALSE,436,17.2,488,19.2,541,21.3,21,,,,Untagged,M,1,1,1,1,3,FALSE,,TRUE,FALSE,,,,,,,,,,,,,,0.090410959,VA,,,,,,13+13,,,,,"animal got to the fish, gaffed through otolith",
2006,60,Sheepshead,AP6-062,MS009,,,,,,7,R,2,7,3,7/2/2006,,,FALSE,447,17.6,503,19.8,554,21.8,21,,,,Untagged,M,1,1,1,2,3,FALSE,,TRUE,FALSE,7,8+8,8+8,8+8,9,8+8,51.42,88.14,8,8,8,9,8,8.090410959,VA,8,,,,,12+12,,,,,Animal got to the fish,
2006,61,Sheepshead,AP6-063,MS010,,,,,,8,R,2,7,3,7/2/2006,,,FALSE,457,18,525,20.7,582,22.9,22,,,,Untagged,M,1,1,1,2,3,FALSE,,TRUE,FALSE,8,8+8,8+8,9,9,8+8,25.71,82.62,8,8,9,9,9,9.090410959,VA,9,,,,,7+7,,,,,,
2006,62,Sheepshead,AP6-064,MS011,,,,,,9,R,2,7,3,7/2/2006,,,FALSE,410,16.1,458,18,512,20.2,20,,,,Untagged,F,2,2,2,3,3,FALSE,,TRUE,FALSE,8,8+8,8+8,8+8,9,8+8,40.41,133.32,8,8,8,9,8,8.090410959,VA,8,,,,,9+9,,,,,Marina shores,
2006,63,Sheepshead,AP6-065,LB004,,,,,,1,R,2,7,3,7/2/2006,,,FALSE,510,20.1,564,22.2,617,24.3,24,,,,Untagged,M,1,1,1,2,3,FALSE,,TRUE,FALSE,13,16+16,17+17,17+17,17+17,17+17,18.37,58.78,17,17,17,17,17,17.09041096,VA,17,,,,,11+11,,,,,"Animal got to the fish, Gaffed through the otolith Long Bay",
2006,64,Sheepshead,AP6-066,LB005,,,,,,2,R,1,7,3,7/2/2006,9.476,4298,FALSE,492,19.4,548,21.6,612,,0,,,,Untagged,M,1,1,1,1,3,FALSE,,TRUE,FALSE,7,8+8,9+9,9+9,9+9,9+9,29.14,110.24,9,9,9,9,9,9.090410959,VA,9,,,,,9+9,,,,,Innards looke odd - Long Bay,
2006,65,Sheepshead,AP6-067,TL001,,,,,,1,R,2,7,4,7/4/2006,,,FALSE,454,17.9,522,20.6,572,22.5,22,,,,Untagged,M,1,1,1,2,3,FALSE,,TRUE,FALSE,9,7+7,7+8,7+8,8,7+8,64.29,69.8,8,8,8,8,8,8.093150685,VA,8,,,,,7+7,,,,,Taylors Landing,
2006,66,Sheepshead,AP6-068,D004,,,,,,,R,1,7,5,7/5/2006,8.027,3641,FALSE,416,16.4,514,20.2,533,,,,,,Mark Laboccetta,M,1,1,1,2,3,FALSE,,TRUE,FALSE,8,13+13,13+14,14,13+14,13+14,45.89,56.91,14,14,14,14,14,14.09589041,VA,14,,,,,7+7,,,,,,
2006,67,Sheepshead,AP6-069,D005,,,,,,2,R,1,7,5,7/5/2006,8.467,3841,FALSE,423,16.7,532,20.9,560,22,22,,,,Mark Laboccetta,M,1,1,1,2,3,FALSE,,TRUE,FALSE,8,8+8,8,8+8,9,8,0,99.6,8,8,8,9,8,8.095890411,VA,8,,,,,10+10,,,,,,
2006,68,Sheepshead,AP6-070,D006,,,,,,3,R,1,7,5,7/5/2006,6.342,2877,FALSE,386,15.2,474,18.7,512,20.2,20,,,,Mark Laboccetta,M,1,1,1,2,3,FALSE,,TRUE,FALSE,5,4+4,5+5,5,5+5,5+5,11.02,80.8,5,5,5,5,5,5.095890411,VA,5,,,,,6,,,,,,
2006,69,Sheepshead,AP6-071,D007,,,,,,4,R,1,7,5,7/5/2006,5.378,2439,FALSE,367,14.4,438,17.2,494,19.4,19,,,,Mark Laboccetta,F,2,2,2,1,3,FALSE,,TRUE,FALSE,8,8+8,9+9,9,9,9+9,25.69,65.55,9,9,9,9,9,9.095890411,VA,9,,,,,13+13,,,,,possible hermaphrodite,
2006,70,Sheepshead,AP6-072,D008,,,,,,5,R,1,7,5,7/5/2006,7.319,3320,FALSE,394,15.5,488,19.2,523,20.6,20,,,,Mark Laboccetta,F,2,2,2,1,3,FALSE,,TRUE,FALSE,5,6+6,6+7,7,7,6+6,66.1,95.48,6,7,7,7,7,7.095890411,VA,7,,,,,6+6,,,,,,
2006,71,Sheepshead,AP6-073,D009,,,,,,6,R,1,7,5,7/5/2006,6.328,2870,FALSE,384,15.1,464,18.3,513,20.2,20,,,,Mark Laboccetta,M,1,1,1,2,3,FALSE,,TRUE,FALSE,6,7+7,8,6+6,8,8,0,75.34,8,8,6,8,8,8.095890411,VA,8,,,,,6+6,,,,,,Begin ashed bottles
2006,72,Sheepshead,AP6-074,5001,,,,,,,R,2,7,10,7/10/2006,6.1,2767,TRUE,410,16.1,506,19.9,589,23.2,23,,,,Jerry Collier,M,1,1,1,2,,FALSE,,FALSE,FALSE,7,,17+17,18+18,18,17+17,23.86,66.08,17,17,18,18,18,18.10958904,VA,18,,,,,6+6,,,,4th Island,,
2006,73,Sheepshead,AP6-075,5036,,,,,,,R,2,7,15,7/14/2006,7.5,3402,TRUE,414,16.3,501,19.7,550,21.7,21,,,,Unk,M,1,1,1,2,,FALSE,,TRUE,FALSE,8,,8+8,8,9,8+8,11.02,58.77,8,8,8,9,8,8.123287671,VA,8,,,,,12+12,,,,,Gonads ruined,
2006,74,Sheepshead,AP6-076,5012,,,,,,,R,2,7,15,7/14/2006,9.4,4264,TRUE,426,16.8,519,20.4,577,,0,,,,Matt Lee,M,1,1,1,2,,FALSE,,TRUE,FALSE,17,,17+17,17,18,17+17,18.37,51.43,17,17,17,18,17,17.12328767,VA,17,,,,,17+17,,,,,Partially Missing gonads,
2006,75,Sheepshead,AP6-077,2007,,,,,,,R,2,7,16,7/15/2006,,,FALSE,364,14.3,411,16.2,453,17.8,17,,,,Unk,M,1,1,1,2,,FALSE,,TRUE,FALSE,5,,5+5,5,4+4,5+5,22.59,99.92,5,5,5,4,5,5.126027397,VA,5,,,,,8+8,,,,,Gonads Ruined,
2006,76,Sheepshead,AP6-078,2002,,,,,,,R,2,7,16,7/15/2006,,,FALSE,433,17,506,19.9,564,22.2,22,,,,Unk,M,1,1,1,1,,FALSE,,TRUE,FALSE,7,,7+7,8,8,7+7,20.21,56.95,7,7,8,8,8,8.126027397,VA,8,,,,,,,,,,Gonads Ruined,
2006,77,Sheepshead,AP6-079,2003,,,,,,,R,2,7,16,7/15/2006,,,FALSE,465,18.3,566,22.3,618,24.3,24,,,,,M,1,1,1,2,,FALSE,,TRUE,FALSE,15,,15+16,16,16,15+15,49.56,75.25,15,16,16,16,16,16.1260274,VA,16,,,,,,,,,,Gonads Ruined,
2006,78,Sheepshead,AP6-080,2020,,,,,,,R,2,7,17,7/16/2006,4,2814,TRUE,400,15.7,486,19.1,529,20.8,20,,,,Joe Hearst,M,1,1,1,2,,FALSE,,FALSE,FALSE,4,,4+4,5+5,5,4+4,73.47,174.5,4,4,5,5,5,5.128767123,VA,5,,,,,,,,,,"No Muscle sample taken, Gonads destroyed",
2006,79,Sheepshead,AP6-081,4054,,,,,,,R,2,7,19,7/19/2006,7,3175,TRUE,398,15.7,479,18.9,530,20.9,20,,,,S. Graves,M,1,1,1,2,3,TRUE,46.007,TRUE,FALSE,4,,5+5,5,5,5+5,25.7,79.15,5,5,5,5,5,5.134246575,VA,5,,,,,,,,,CBBT,,
2006,80,Sheepshead,AP6-082,4037,,,,,,,R,2,7,19,7/19/2006,11.6875,5301,TRUE,506,19.9,568,22.4,615,24.2,24,,,,L. Graves,F,2,2,2,1,3,TRUE,4.104,TRUE,TRUE,23,,23+23,24,23,23+23,12.85,42.23,23,23,24,23,23,23.13424658,VA,23,,,,,,,,,CBBT,,
2006,81,Sheepshead,AP6-083,4042,,,,,,,R,2,7,19,7/19/2006,7,2175,TRUE,352,13.9,431,17,464,18.3,18,,,,Winston Graves,M,1,1,1,2,3,TRUE,31.201,TRUE,FALSE,5,,5+5,5+5,4+4,5+5,34.9,93.67,5,5,5,4,5,5.134246575,VA,5,,,,,,,,,CBBT,,
2006,82,Sheepshead,AP6-084,4073,,,,,,,R,2,7,19,7/19/2006,,,FALSE,388,15.3,448,17.6,492,19.4,19,,,,,F,2,2,2,2,3,TRUE,17.866,TRUE,FALSE,4,,5+5,5,5,5+5,18.36,95.5,5,5,5,5,5,5.134246575,VA,5,,,,,,,,,,"Untagged, no weight",
2006,83,Sheepshead,AP6-085,4043,,,,,,,R,2,7,19,7/19/2006,,,FALSE,346,13.6,439,17.3,482,19,19,,,,,F,2,2,2,1,3,TRUE,11.226,FALSE,FALSE,6,,8+8,8+8,7+7,8+8,34.89,77.12,8,8,8,7,8,8.134246575,VA,8,,,,,,,,,,"Untagged, no weight, no muscle tissue",
2006,84,Sheepshead,AP6-086,4053,,,,,,,R,2,7,19,7/19/2006,,,FALSE,420,16.5,519,20.4,577,22.7,22,,,,,F,2,2,2,2,3,TRUE,17.475,TRUE,FALSE,8,,9+9,8+9,8+8,9+9,18.37,60.62,9,9,9,8,9,9.134246575,VA,9,,,,,,,,,,"Untagged, no weight",
2006,85,Sheepshead,AP6-087,4003,,,,,,,R,2,7,19,7/19/2006,,,FALSE,459,18.1,525,20.7,580,22.8,22,,,,,F,2,2,2,2,3,TRUE,29.95,TRUE,TRUE,9,,9+9,9+9,10,9+9,25.72,58.78,9,9,9,10,9,9.134246575,VA,9,,,,,,,,,,"Untagged, no weight",
2006,86,Sheepshead,AP6-088,4004,,,,,,,R,2,7,19,7/19/2006,,,FALSE,409,16.1,504,19.8,561,22.1,22,,,,,F,2,2,2,2,3,TRUE,19.253,TRUE,TRUE,7,,7+7,7+7,8+8,7+7,25.72,78.97,7,7,7,8,7,7.134246575,VA,7,,,,,,,,,,"Untagged, no weight",
2006,87,Sheepshead,AP6-089,4005,,,,,,,R,2,7,19,7/19/2006,,,FALSE,441,17.4,512,20.2,561,22.1,22,,,,,F,2,2,2,1,3,TRUE,3.993,TRUE,TRUE,7,,9+9,9+9,9,9+9,20.2,80.78,9,9,9,9,9,9.134246575,VA,9,,,,,,,,,,"Untagged, no weight",
2006,88,Sheepshead,AP6-090,4007,,,,,,,R,2,7,19,7/19/2006,,,FALSE,416,16.4,494,19.4,549,21.6,21,,,,,F,2,2,2,2,3,TRUE,24.795,TRUE,TRUE,5,,5+5,5+5,4+4,5+5,22.03,108.3,5,5,5,4,5,5.134246575,VA,5,,,,,,,,,,"Untagged, no weight",
2006,89,Sheepshead,AP6-091,4008,,,,,,,R,2,7,19,7/19/2006,,,FALSE,402,15.8,494,19.4,553,21.8,21,,,,,F,2,2,2,2,3,TRUE,16.269,TRUE,TRUE,6,,7+7,7+7,7,7+7,25.69,88.09,7,7,7,7,7,7.134246575,VA,7,,,,,,,,,,"Untagged, no weight",
2006,90,Sheepshead,AP6-092,4009,,,,,,,R,2,7,19,7/19/2006,,,FALSE,445,17.5,522,20.6,581,,0,,,,,F,2,2,2,1,3,TRUE,5.549,FALSE,FALSE,15,,15+16,16,16,15+15,36.72,49.58,15,16,16,16,16,16.13424658,VA,16,,,,,,,,,,"Untagged, no weight",
2006,91,Sheepshead,AP6-093,C019,,45,3849,142,315,1,C,1,7,21,7/20/2006,11.975,5432,FALSE,510,20.1,606,23.9,660,26,26,306,BAY,,,F,2,2,2,2,3,FALSE,,TRUE,FALSE,23,,23+23,24+24,24,23+23,20.21,53.27,23,23,24,24,24,24.13972603,VA,24,,,,,,,,,,"Gondads ripped and disentegrated, stomach was in bad shape",
2006,92,Sheepshead,AP6-094,5003,,,,,,,R,2,7,24,7/23/2006,9.25,4196,TRUE,424,16.7,517,20.4,583,23,23,,,,Darren Fostev,M,1,1,1,1,2,TRUE,5.422,TRUE,FALSE,17,,17+17,20+20,17+17,17+17,9.18,40.41,17,17,20,17,17,17.14794521,VA,17,,,,,,,,,3rd Island,,
2006,93,Sheepshead,AP6-095,5002,,,,,,,R,2,7,24,7/23/2006,10.625,4819,TRUE,449,17.7,544,21.4,592,23.3,23,,,,Darren Fostev,F,2,2,2,3,2,TRUE,,TRUE,FALSE,13,,13+13,15+15,13,13+13,18.37,58.79,13,13,15,13,13,13.14794521,VA,13,,,,,,,,,3rd Island,"Half of gonads missing, no stomach collected",
2006,94,Sheepshead,AP6-096,5035,,,,,,,R,2,7,31,7/30/2006,,,FALSE,422,16.6,493,19.4,541,21.3,21,,,,Ray Sherman,F,2,2,2,2,2,FALSE,,FALSE,FALSE,5,,4+4,4+4,3+3,4+4,67.91,143.16,4,4,4,3,4,4.167123288,VA,4,,,,,,,,,,Joey collected in morning from cooler,
2006,95,Sheepshead,AP6-097,4055,,,,,,,R,2,7,31,7/31/2006,8,3629,TRUE,419,16.5,484,19.1,537,21.1,21,,,,Unknown,F,2,2,2,1,3,TRUE,,TRUE,TRUE,8,,8+8,8+8,8+8,8+8,11.02,67.96,8,8,8,8,8,8.167123288,VA,8,,,,,,,,,CBBT,"Scale not in Lab, fresh weight not taken",
2006,96,Sheepshead,AP6-098,4071,,,,,,,R,2,7,31,7/31/2006,8,3629,TRUE,452,17.8,513,20.2,588,23.1,23,,,,Unknown,F,2,2,2,3,3,TRUE,,TRUE,TRUE,9,,8+8,8+8,8+8,8+8,31.23,75.32,8,8,8,8,8,8.167123288,VA,8,,,,,,,,,CBBT,"Scale not in Lab, fresh weight not taken",
2006,97,Sheepshead,AP6-099,4041,,,,,,,R,1,8,6,8/1/2006,8.895,4035,FALSE,456,18,523,20.6,582,22.9,22,,,,Mike Firestone,M,1,1,1,5,3,FALSE,,FALSE,FALSE,7,,9+9,9+9,8+8,9+9,28.42,41.3,9,9,9,8,9,9.183561644,VA,9,,,,,,,,,4th Island,,
2006,98,Sheepshead,AP6-100,4062,,,,,,,R,1,8,6,8/1/2006,9.505,4311,FALSE,468,18.4,533,21,598,,0,,,,Mike Firestone,F,2,2,2,5,3,FALSE,,FALSE,FALSE,23,,23+23,23+23,22+22,23+23,7.34,22.03,23,23,23,22,23,23.18356164,VA,23,,,,,,,,,4th Island,,
2006,99,Sheepshead,AP6-101,4051,,,,,,,R,1,8,6,8/1/2006,10.036,4552,FALSE,467,18.4,542,21.3,594,23.4,23,,,,Mike Firestone,F,2,2,2,5,3,FALSE,,FALSE,FALSE,15,,16+16,17+17,16+16,16+16,36.71,51.4,16,16,17,16,16,16.18356164,VA,16,,,,,,,,,4th Island,,
2006,100,Sheepshead,AP6-102,1002,,,,,,,R,2,8,7,8/6/2006,,,FALSE,414,16.3,465,18.3,520,20.5,20,,,,Chris Batsavage,F,2,2,2,3,3,FALSE,,FALSE,FALSE,8,,8+8,8+8,8+8,8+8,40.38,69.6,8,8,8,8,8,8.18630137,VA,8,,,,,,,,,CBBT,,
2006,101,Sheepshead,AP6-103,5004,,,,,,,R,2,8,7,8/6/2006,,,FALSE,409,16.1,450,17.7,522,20.6,20,,,,,F,2,2,2,2,3,FALSE,,FALSE,FALSE,5,,5+5,5+5,4+4,5+5,36.74,85.83,5,5,5,4,5,5.18630137,VA,5,,,,,,,,,,,
2006,102,Sheepshead,AP6-104,5005,,,,,,,R,2,8,7,8/6/2006,,,FALSE,425,16.7,477,18.8,526,20.7,20,,,,,F,2,2,2,3,3,FALSE,,FALSE,FALSE,5,,5+5,5,4+4,5+5,62.1,91.33,5,5,5,4,5,5.18630137,VA,5,,,,,,,,,,,
2006,103,Sheepshead,AP6-105,5006,,,,,,,R,2,8,7,8/6/2006,,,FALSE,406,16,468,18.4,530,20.9,20,,,,,F,2,2,2,3,3,FALSE,,FALSE,FALSE,7,,8+8,8,7+7,8+8,25.71,56.93,8,8,8,7,8,8.18630137,VA,8,,,,,,,,,,,
2006,104,Sheepshead,AP6-106,5007,,,,,,,R,2,8,7,8/6/2006,,,FALSE,327,12.9,390,15.4,436,17.2,17,,,,,F,2,2,2,2,3,FALSE,,FALSE,FALSE,5,,5+5,5+5,5,5+5,29.38,97.33,5,5,5,5,5,5.18630137,VA,5,,,,,,,,,,,
2006,105,Sheepshead,AP6-107,5008,,,,,,,R,2,8,7,8/6/2006,,,FALSE,394,15.5,473,18.6,517,20.4,20,,,,,M,1,1,1,1,3,FALSE,,FALSE,FALSE,6,,4+4,5+5,4+4,4+4,93.65,145.07,4,4,5,4,4,4.18630137,VA,4,,,,,,,,,,,
2006,106,Sheepshead,AP6-108,C020,,18,,142,344,1,C,1,8,11,8/10/2006,7.058,3201,FALSE,410,16.1,496,19.5,541,21.3,21,,,,,F,2,2,2,1,3,FALSE,,TRUE,FALSE,8,,9+9,9,8+8,9+9,29.39,53.26,9,9,9,8,9,9.197260274,VA,9,,,,,,,,,,"Tore Gonads - eggs spilled everywhere, thus didn't keep gonads",
2006,107,Sheepshead,AP6-109,1003,,,,,,,R,2,8,14,8/13/2006,,,FALSE,455,17.9,554,21.8,619,,0,,,,,F,2,2,2,2,3,TRUE,53.493,TRUE,FALSE,8,,9+9,9+9,9,9+9,18.35,38.54,9,9,9,9,9,9.205479452,VA,9,,,,,,,,,,"No tag, thus no weight",
2006,108,Sheepshead,AP6-110,4078,,,,,,,R,2,8,16,8/15/2006,12.625,5727,TRUE,489,19.3,585,23,628,24.7,24,,,,Bill Knapp,F,2,2,2,2,3,FALSE,,TRUE,FALSE,31,33+33,33+33,33+33,33,33+33,23.86,55.07,33,33,33,33,33,33.2109589,VA,33,,,,,,,,,,"No gonads collected, very smelly and ripped",
2006,109,Sheepshead,AP6-111,C021,,18,,100,345,1,C,1,8,18,8/18/2006,10.921,4954,FALSE,464,18.3,555,21.9,606,23.9,23,307,BAY,,Caught By Mr. George Trice,F,2,2,2,2,3,TRUE,51.99,TRUE,TRUE,14,,16+16,16+16,15+15,16+16,22.04,56.93,16,16,16,15,16,16.21643836,VA,16,,,,,,,,,,Gill Netted,
2006,110,Sheepshead,AP6-112,C022,,18,,100,345,2,C,1,8,18,8/18/2006,10.721,4863,FALSE,488,19.2,579,22.8,638,25.1,25,307,BAY,,Gill netted by Mr. George Trice,F,2,2,2,2,3,TRUE,51.966,TRUE,TRUE,20,,20+20,21+21,21,20+20,11.01,23.86,20,20,21,21,21,21.21643836,VA,21,,,,,,,,,,,
2006,111,Sheepshead,AP6-113,C023,,18,,100,345,3,C,1,8,18,8/18/2006,8.22,3729,FALSE,446,17.6,533,21,591,23.3,23,307,BAY,,Gillnetted by George Trice,F,2,2,2,2,3,TRUE,23.027,TRUE,TRUE,8,,8+8,8+8,8+8,8+8,34.9,110.22,8,8,8,8,8,8.216438356,VA,8,,,,,,,,,,,
2006,112,Sheepshead,AP6-114,C024,,18,,100,345,4,C,1,8,18,8/18/2006,12.887,5845,FALSE,517,20.4,603,23.7,679,,0,307,BAY,,Gillnetted by George Trice,F,2,2,2,2,3,TRUE,50.325,TRUE,TRUE,24,,22+22,22+22,22+22,22+22,23.87,42.23,22,22,22,22,22,22.21643836,VA,22,,,,,,,,,,,
2006,113,Sheepshead,AP6-115,C025,,18,,100,345,5,C,1,8,18,8/18/2006,10.539,4780,FALSE,461,18.1,549,21.6,592,,0,307,BAY,,Gillnetted by George Trice,F,2,2,2,2,3,TRUE,33.823,TRUE,TRUE,32,,29+29,29+29,28+28,29+29,16.53,27.54,29,29,29,28,29,29.21643836,VA,29,,,,,,,,,,,
2006,114,Sheepshead,AP6-116,DCR1,,,,,349,,R,2,8,19,8/14/2006,,,FALSE,358,14.1,418,16.5,470,18.5,18,,,,Caught by Captain Reese,M,1,1,1,2,3,FALSE,,TRUE,FALSE,11,,12+12,11+12,11+11,12+12,11.02,45.9,12,12,12,11,12,12.21917808,VA,12,,,,,,,,,,"Old, stinky fish",
2006,115,Sheepshead,AP6-117,DCR2,,,,,349,,R,2,8,19,8/14/2006,,,FALSE,475,18.7,537,21.1,592,23.3,23,,,,Caught by Captain Reese,F,2,2,2,1,3,FALSE,,TRUE,FALSE,8,,9+9,10+10,9+9,9+9,27.54,77.11,9,9,10,9,9,9.219178082,VA,9,,,,,,,,,,"Old, stinky fish",
2006,116,Sheepshead,AP6-118,C026,,18,,100,346,1,C,1,8,19,8/19/2006,11.158,5061,FALSE,487,19.2,587,23.1,655,25.8,25,307,BAY,,Gillnetted by George Trice,F,2,2,2,1,3,TRUE,3.952,TRUE,TRUE,18,,20+20,20+20,19+19,20+20,20.19,44.29,20,20,20,19,20,20.21917808,VA,20,,,,,,,,,,Saturday commercial sample after captain reese,
2006,117,Sheepshead,AP6-119,C027,,18,,100,346,2,C,1,8,19,8/19/2006,8.864,4021,FALSE,430,16.9,517,20.4,572,,0,307,BAY,,Gillnetted by George Trice,F,2,2,2,1,3,FALSE,,TRUE,FALSE,18,,19+19,19+19,19,19+19,23.87,42.24,19,19,19,19,19,19.21917808,VA,19,,,,,,,,,,"Bad odor, no gonads or stomach collected",
2006,118,Sheepshead,AP6-120,C028,,18,,100,346,3,C,1,8,19,8/19/2006,7.684,3485,FALSE,425,16.7,510,20.1,560,22,22,307,BAY,,Gillnetted by George Trice,F,2,2,2,2,3,TRUE,28.933,TRUE,TRUE,8,,9+9,9+9,9+9,9+9,49.55,71.58,9,9,9,9,9,9.219178082,VA,9,,,,,,,,,,,
2006,119,Sheepshead,AP6-121,C029,,18,,100,346,4,C,1,8,19,8/19/2006,8.091,3670,FALSE,431,17,515,20.3,561,22.1,22,307,BAY,,Gillnetted by George Trice,F,2,2,2,1,3,TRUE,4.246,TRUE,TRUE,7,,8+9,9+9,8+9,8+8,69.83,71.67,8,9,9,9,9,9.219178082,VA,9,,,,,,,,,,,
2006,120,Sheepshead,AP6-122,C030,,18,,100,346,5,C,1,8,19,8/19/2006,8.498,3855,FALSE,488,19.2,524,20.6,590,23.2,23,307,BAY,,Gillnetted by George Trice,F,2,2,2,1,3,TRUE,2.472,TRUE,TRUE,14,,15+15,15+15,15+15,15+15,18.36,36.73,15,15,15,15,15,15.21917808,VA,15,,,,,,,,,,,
2006,121,Sheepshead,AP6-123,C030,,18,,100,346,6,C,1,8,19,8/19/2006,10.272,4659,FALSE,477,18.8,575,22.6,628,,0,307,BAY,,Gillnetted by George Trice,F,2,2,2,2,3,TRUE,39.753,TRUE,FALSE,10,,11+11,11+11,11+11,11+11,29.38,58.76,11,11,11,11,11,11.21917808,VA,11,,,,,,,,,,No stomach collected,
2006,122,Sheepshead,AP6-124,C032,,18,,100,346,7,C,1,8,19,8/19/2006,9.742,4419,FALSE,457,18,555,21.9,650,,0,307,BAY,,Gillnetted by George Trice,F,2,2,2,1,3,TRUE,4.024,FALSE,FALSE,14,,15+15,15+15,15,15+15,18.36,40.39,15,15,15,15,15,15.21917808,VA,15,,,,,,,,,,End commercial sampling 8/19/2006,
2006,123,Sheepshead,AP6-125,2009,,,,,348,1,R,2,8,20,8/19/2006,9,4082,TRUE,410,16.1,501,19.7,544,21.4,21,,,,Eric Heimes,F,2,2,2,1,2,TRUE,4.982,FALSE,FALSE,9,,10+10,10+10,8+8,10+10,31.22,64.27,10,10,10,8,10,10.22191781,VA,10,,,,,,,,,,No scales,
2006,124,Sheepshead,AP6-126,C033,,18,,100,347,1,C,1,8,20,8/20/2006,9.494,4306,FALSE,454,17.9,549,21.6,599,23.6,23,307,BAY,39,Gillnetted by George Trice,F,2,2,2,2,3,TRUE,27.558,TRUE,TRUE,11,,11+11,12+12,11+11,11+11,33.06,51.43,11,11,12,11,11,11.22191781,VA,11,,,,,,,,,,,
2006,125,Sheepshead,AP6-127,C034,,18,,100,347,2,C,1,8,20,8/20/2006,11.402,5172,FALSE,466,18.3,562,22.1,612,24.1,24,307,BAY,39,Gillnetted by George Trice,F,2,2,2,1,3,FALSE,,TRUE,TRUE,20,,20+20,21+21,21,20+20,38.56,60.6,20,20,21,21,21,21.22191781,VA,21,,,,,,,,,,,
2006,126,Sheepshead,AP6-128,C035,,18,,100,347,3,C,1,8,20,8/20/2006,7.852,3562,FALSE,447,17.6,533,21,572,22.5,22,307,BAY,39,Gillnetted by George Trice,F,2,2,2,2,3,TRUE,28.865,TRUE,TRUE,10,,11+11,11+11,11,11+11,33.83,66.12,11,11,11,11,11,11.22191781,VA,11,,,,,,,,,,,
2006,127,Sheepshead,AP6-129,C036,,18,,100,347,4,C,1,8,20,8/20/2006,10.03,4550,FALSE,474,18.7,568,22.4,631,24.8,24,307,BAY,39,Gillnetted by George Trice,F,2,2,2,1,3,FALSE,,TRUE,TRUE,18,,18+18,18+18,17+17,18+18,25.71,47.75,18,18,18,17,18,18.22191781,VA,18,,,,,,,,,,Sunday after captain reese,
2006,128,Sheepshead,AP6-130,C037,,18,,100,350,1,C,1,8,21,8/21/2006,11.361,5153,FALSE,487,19.2,576,22.7,637,25.1,25,304,BAY,,Gillnetted by George Trice,F,2,2,2,1,3,FALSE,,TRUE,TRUE,24,,24+24,24+24,24,24+24,14.69,38.56,24,24,24,24,24,24.22465753,VA,24,,,,,,,,,,"MONDAY, No gonads collected",
2006,129,Sheepshead,AP6-131,C038,,18,,100,350,2,C,1,8,21,8/21/2006,7.107,3224,FALSE,411,16.2,481,18.9,532,20.9,20,304,BAY,,Gillnetted by George Trice,F,2,2,2,1,3,TRUE,5.211,TRUE,TRUE,7,,8+8,9+9,8+8,8+8,48.41,71.11,8,8,9,8,8,8.224657534,VA,8,,,,,,,,,,,
2006,130,Sheepshead,AP6-132,C039,,18,,100,350,3,C,1,8,21,8/21/2006,8.203,3721,FALSE,413,16.3,480,18.9,530,20.9,20,304,BAY,,Gillnetted by George Trice,F,2,2,2,2,3,TRUE,4.978,TRUE,TRUE,13,,12+12,12+12,11+11,12+12,36.71,52.52,12,12,12,11,12,12.22465753,VA,12,,,,,,,,,,,
2006,131,Sheepshead,AP6-133,C040,,18,,100,350,4,C,1,8,21,8/21/2006,7.66,3475,FALSE,422,16.6,498,19.6,550,,,304,BAY,,Gillnetted by George Trice,F,2,2,2,2,3,FALSE,,TRUE,FALSE,13,,13+13,12+12,13,13+13,34.87,64.24,13,13,12,13,13,13.22465753,VA,13,,,,,,,,,,not in an ashed bottle,
2006,132,Sheepshead,AP6-134,C041,,18,,100,350,5,C,1,8,21,8/21/2006,6.744,3059,FALSE,409,16.1,481,18.9,532,20.9,20,304,BAY,,Gillnetted by George Trice,F,2,2,2,2,3,TRUE,3.358,TRUE,TRUE,10,,10+10,10,9+9,10+10,53.23,77.08,10,10,10,9,10,10.22465753,VA,10,,,,,,,,,,Not in an ashed bottle,
2006,133,Sheepshead,AP6-135,C042,,18,,100,350,6,C,1,8,21,8/21/2006,10.404,4719,FALSE,487,19.2,571,22.5,647,,0,304,BAY,,Gillnetted by George Trice,F,2,2,2,2,3,TRUE,48.053,TRUE,TRUE,16,,15+15,17+17,15+15,15+15,25.72,45.92,15,15,17,15,15,15.22465753,VA,15,,,,,,,,,,Not in an ashed bottle,
2006,134,Sheepshead,AP6-136,C043,,45,975,142,355,1,C,1,8,21,8/21/2006,7.197,3265,FALSE,421,16.6,493,19.4,543,21.4,21,306,BAY,,,F,2,2,2,2,3,TRUE,19.09,TRUE,TRUE,9,,9+9,9+9,8+8,9+9,22.03,58.13,9,9,9,8,9,9.224657534,VA,9,,,,,,,,,,Not in an ashed bottle,
2006,135,Sheepshead,AP6-137,C044,,45,3849,142,357,1,C,1,8,22,8/22/2006,10.202,4628,FALSE,483,19,566,22.3,618,24.3,24,306,BAY,11,,F,2,2,2,5,3,TRUE,367.412,TRUE,TRUE,24+25,,24+24,24+24,23+23,24+24,31.2,55.06,24,24,24,23,24,24.22739726,VA,24,,,,,,,,,,1 Gonad,
2006,136,Sheepshead,AP6-138,C045,,45,3849,142,123,1,C,1,4,18,4/18/2006,4.761,2160,FALSE,388,15.3,440,17.3,480,18.9,18,306,BAY,4,,F,2,2,2,3,2,FALSE,,FALSE,FALSE,4+5,,4+5,5+5,4+5,4+5,97.62,132.58,5,5,5,5,5,4.882191781,VA,5,,,,,,,,,,Was missing since 5/10/06 and located 8/22/06,
2006,137,Sheepshead,AP6-139,2024,,,,,,,R,2,8,27,8/27/2006,11,4990,TRUE,515,20.3,587,23.1,644,25.4,25,,,,Eric Heimes,F,2,2,2,2,2,FALSE,,TRUE,FALSE,24,,24+24,23+23,23+23,24+24,18.36,42.24,24,24,23,23,23,23.24109589,VA,23,,,,,,,,,,"Gonads Damaged, No Scales",
2006,138,Sheepshead,AP6-140,2011,,,,,,,R,2,8,27,8/27/2006,10.375,4706,TRUE,523,20.6,573,22.6,628,24.7,24,,,,Chuck Kahcert,M,1,1,1,1,2,FALSE,,TRUE,FALSE,13+14,,13+13,12+13,12+13,13+13,45.91,66.11,13,13,13,13,13,13.24109589,VA,13,,,,,,,,,,No Scales,
2006,139,Sheepshead,AP6-141,1009,,,,,,,R,2,8,27,8/27/2006,7,3175,TRUE,433,17,495,19.5,537,21.1,21,,,,Jere Humphrey,M,1,1,1,1,3,FALSE,,TRUE,FALSE,6+6,,6+6,6+6,6,6+6,38.57,93.68,6,6,6,6,6,6.24109589,VA,6,,,,,,,,,,,
2006,140,Sheepshead,AP6-142,1011,,,,,,,R,2,8,28,8/28/2006,7.5,3402,TRUE,473,18.6,532,20.9,594,23.4,23,,,,Jere Humphrey,M,1,1,1,1,3,FALSE,,TRUE,FALSE,8+9,,9+9,9+9,9+9,9+9,36.71,73.41,9,9,9,9,9,9.243835616,VA,9,,,,,,,,,,,
2006,141,Sheepshead,AP6-143,1004,,,,,,,R,2,8,27,8/27/2006,7,4175,TRUE,513,20.2,580,22.8,630,,0,,,,Jere Humphrey,F,2,2,2,2,3,TRUE,28.135,TRUE,FALSE,10+11,,11+11,11+11,11+11,11+11,27.54,53.24,11,11,11,11,11,11.24109589,VA,11,,,,,,,,,,,
2006,142,Sheepshead,AP6-144,1006,,,,,,,R,2,8,27,8/27/2006,11,4990,TRUE,521,20.5,594,23.4,649,25.6,25,,,,Jennifer McCrickard,M,1,1,1,1,3,FALSE,,TRUE,FALSE,31+31,,32+32,32+32,32+32,32+32,22.03,36.71,32,32,32,32,32,32.24109589,VA,32,,,,,,,,,,,
2006,143,Sheepshead,AP6-145,1008,,,,,,,R,2,8,27,8/27/2006,9.5,4309,TRUE,483,19,551,21.7,597,23.5,23,,,,Jennifer McCrickard,M,1,1,1,1,3,FALSE,,TRUE,FALSE,14+14,,14+14,14+14,14,14+14,27.56,38.58,14,14,14,14,14,14.24109589,VA,14,,,,,,,,,,,
2006,144,Sheepshead,AP6-146,2034,,,,,,,R,2,8,27,8/27/2006,,,FALSE,451,17.8,507,20,554,21.8,21,,,,Chuck Kahcert,M,1,1,1,1,2,FALSE,,TRUE,FALSE,9,,8+8,9+9,7+7,8+8,38.57,60.61,8,8,9,7,8,8.24109589,VA,8,,,,,,,,,,No Scales,
2006,145,Sheepshead,AP6-147,1007,,,,,,,R,2,8,27,8/27/2006,11.5,5216,TRUE,483,19,551,21.7,597,,0,,,,Jennifer McCrickard,M,1,1,1,1,3,FALSE,,TRUE,FALSE,23,,24+24,23+23,23+23,24+24,18.36,78.96,24,24,23,23,23,23.24109589,VA,23,,,,,,,,,,,
2006,146,Sheepshead,AP6-148,1005,,,,,,,R,2,8,27,8/27/2006,7.5,3402,TRUE,446,17.6,498,19.6,542,21.3,21,,,,Jennifer McCrickard,M,1,1,1,1,3,FALSE,,TRUE,FALSE,9,,9+9,9+9,9,9+9,44.05,100.96,9,9,9,9,9,9.24109589,VA,9,,,,,,,,,,,
2006,147,Sheepshead,AP6-149,1010,,,,,,,R,2,8,27,8/27/2006,9,4082,TRUE,471,18.5,531,20.9,583,,0,,,,Jennifer McCrickard,M,1,1,1,1,3,FALSE,,TRUE,FALSE,23,,24+24,24+24,23+23,24+24,56.9,75.25,24,24,24,23,24,24.24109589,VA,24,,,,,,,,,,,
2006,148,Sheepshead,AP6-150,LB006,,,,,,,R,2,8,27,8/27/2006,,,FALSE,372,14.6,432,17,465,18.3,18,,,,,F,2,2,2,2,2,TRUE,10.774,TRUE,FALSE,5,,5+5,5+5,4+4,5+5,58.77,91.83,5,5,5,4,5,5.24109589,VA,5,,,,,,,,,,,
2006,149,Sheepshead,AP6-151,4067,,,,,,,R,2,8,29,8/29/2006,,,FALSE,445,17.5,512,20.2,562,,,,,,,F,2,2,2,1,3,FALSE,,TRUE,FALSE,15,,15+15,15+15,16,15+15,45.91,66.12,15,15,15,16,15,15.24657534,VA,15,,,,,,,,,,Looks like wharf rats damaged Gonads,
2006,150,Sheepshead,AP6-152,4081,,,,,,,R,2,8,29,8/29/2006,,,FALSE,476,18.7,546,21.5,602,23.7,23,,,,,F,2,2,2,1,3,TRUE,5.131,TRUE,FALSE,10+10,,10+10,10+10,9+9,10+10,40.39,60.59,10,10,10,9,10,10.24657534,VA,10,,,,,,,,,,,
2006,151,Sheepshead,AP6-153,4077,,,,,,,R,2,8,29,8/29/2006,,,FALSE,463,18.2,519,20.4,578,22.8,22,,,,,F,2,2,2,1,4,FALSE,,TRUE,FALSE,10+11,,13+13,12+12,11+11,13+13,45.91,80.8,13,13,12,11,12,12.24657534,VA,12,,,,,,,,,,"Wharf Rat damage to gonads, no scales collected and left pelvic spine only collected because the right was destroyed",
2006,152,Sheepshead,AP6-154,4049,,,,,,,R,2,8,29,8/29/2006,,,FALSE,455,17.9,512,20.2,559,22,22,,,,,F,2,2,2,1,3,TRUE,4.05,TRUE,FALSE,8+8,,9+9,9+9,9,9+9,29.87,57.31,9,9,9,9,9,9.246575342,VA,9,,,,,,,,,,,
2006,153,Sheepshead,AP6-155,4075,,,,,,,R,2,8,29,8/29/2006,,,FALSE,436,17.2,492,19.4,547,21.5,21,,,,,F,2,2,2,1,,FALSE,,TRUE,FALSE,7+8,,9+9,9+9,9+9,9+9,23.89,36.75,9,9,9,9,9,9.246575342,VA,9,,,,,,,,,,"Bad odor, gonads not collected",
2006,154,Sheepshead,AP6-156,LB007,,,,,,,R,2,8,29,8/29/2006,,,FALSE,459,18.1,524,20.6,575,22.6,22,,,,,F,2,2,2,1,,FALSE,,TRUE,FALSE,9,,10+10,10+10,9+9,10+10,33.04,47.73,10,10,10,9,10,10.24657534,VA,10,,,,,,,,,,"Bad odor, gonads not collected",
2006,155,Sheepshead,AP6-157,LB008,,,,,,,R,2,8,29,8/29/2006,,,FALSE,435,17.1,485,19.1,541,21.3,21,,,,,F,2,2,2,2,3,TRUE,19.757,TRUE,FALSE,,,5+5,4+4,4+4,5+5,42.23,124.85,5,5,4,4,4,4.246575342,VA,4,,,,,,,,,,"Double check w/ fresh weight on Jar, may be 19.737",
2006,156,Sheepshead,AP6-158,2012,,,,,,,R,2,9,4,9/4/2006,4.8,2177,TRUE,412,16.2,458,18,511,20.1,20,,,,Dr. Ike!,F,2,2,2,2,4,TRUE,11.15,TRUE,FALSE,,,5+5,5+5,4+4,5+5,35.7,95.45,5,5,5,4,5,5.263013699,VA,5,,,,,,,,,2nd Island,,
2006,157,Sheepshead,AP6-159,2014,,,,,,,R,2,9,4,9/4/2006,5.2,2359,TRUE,410,16.1,458,18,511,20.1,20,,,,Dr. Ike,M,1,1,1,1,4,FALSE,,TRUE,FALSE,,,5+5,5+5,5,5+5,56.96,99.22,5,5,5,5,5,5.263013699,VA,5,,,,,,,,,2nd Island,No scales,
2006,158,Sheepshead,AP6-160,2029,,,,,,,R,2,9,4,9/4/2006,4.5,2041,TRUE,378,14.9,437,17.2,480,18.9,18,,,,Dr. Ike,F,2,2,2,2,4,TRUE,11.5,TRUE,FALSE,,,5+5,5+5,5,5+5,56.91,111.98,5,5,5,5,5,5.263013699,VA,5,,,,,,,,,2nd Island,No scales,
2006,159,Sheepshead,AP6-161,C046,,1,374,100,364,1,C,1,9,5,9/4/2006,9.876,4480,FALSE,490,19.3,552,21.7,610,,0,625,OCEAN,,,F,2,2,2,3,3,TRUE,49.112,TRUE,FALSE,,,8+8,8+8,9,8+8,58.76,66.11,8,8,8,9,8,8.265753425,VA,8,,,,,,,,,,,
2006,160,Sheepshead,AP6-162,C047,,45,3849,142,367,1,C,1,9,5,9/5/2006,8.001,3629,FALSE,449,17.7,514,20.2,567,22.3,22,306,BAY,8,,M,1,1,1,2,3,FALSE,,TRUE,FALSE,,,9+9,9+9,10+10,9+9,31.22,88.15,9,9,9,10,9,9.265753425,VA,9,,,,,,,,,,,
2006,161,Sheepshead,AP6-163,2016,,,,,,,R,2,9,9,9/9/2006,8.125,3685,TRUE,491,19.3,547,21.5,598,23.5,23,,,,Kevin Karak,M,1,1,1,1,2,FALSE,,TRUE,FALSE,,,18+18,18+18,18+18,18+18,25.7,31.21,18,18,18,18,18,18.27671233,VA,18,,,,,,,,,1st Island,No scales,
2006,162,Sheepshead,AP6-164,4038,,,,,,,R,1,9,10,9/10/2006,,,FALSE,368,14.5,409,16.1,449,17.7,17,,,,,F,2,2,2,2,3,TRUE,10.624,TRUE,FALSE,,,9+9,9+9,8+8,9+9,38.58,78.16,9,9,9,8,9,9.279452055,VA,9,,,,,,,,,,CCA Tournament,
2006,163,Sheepshead,AP6-165,4064,,,,,,,R,1,9,10,9/10/2006,8.25,3742,TRUE,445,17.5,498,19.6,557,21.9,21,,,,,M,1,1,1,1,2,FALSE,,TRUE,FALSE,,,7+7,7+7,7+7,7+7,38.57,55.1,7,7,7,7,7,7.279452055,VA,7,,,,,,,,,,"No Scales, CCA Tournament",
2006,164,Sheepshead,AP6-166,4063,,,,,,,R,1,9,10,9/10/2006,4.95,2245,TRUE,386,15.2,434,17.1,477,18.8,18,,,,,M,1,1,1,1,3,FALSE,,TRUE,FALSE,,,6+6,5+5,6+6,6+6,49.59,64.29,6,6,5,6,6,6.279452055,VA,6,,,,,,,,,,"1 Otololith Recovered, CCA Tournament",
2006,165,Sheepshead,AP6-167,LBP009,,,,,,,R,1,9,10,9/10/2006,,,FALSE,476,18.7,525,20.7,575,22.6,22,,,,,M,1,1,1,1,,FALSE,,TRUE,FALSE,,,14+14,13+13,14+14,14+14,22.04,42.25,14,14,13,14,14,14.27945205,VA,14,,,,,,,,,,CCA Tournament,
2006,166,Sheepshead,AP6-168,LBP010,,,,,,,R,1,9,10,9/10/2006,,,FALSE,493,19.4,544,21.4,602,23.7,23,,,,,F,2,2,2,2,,TRUE,36.34,TRUE,FALSE,,,13+13,13+13,13+13,13+13,34.9,56.94,13,13,13,13,13,13.27945205,VA,13,,,,,,,,,,CCA Tournament,
2006,167,Sheepshead,AP6-169,C048,,18,,182,,,C,1,10,13,10/13/2006,0.145,65.77,FALSE,112,4.41,138,5.43,145,5.71,5,307,BAY,,,JUV,0,2,2,0,3,FALSE,,FALSE,FALSE,,,0+0,0+0,0+0,0+0,452.85,,0,0,0,0,0,0.369863014,VA,0,,,,,,,,,,,
2006,168,Sheepshead,AP6-170,C049,,18,,182,,,C,1,10,16,10/16/2006,0.166,75.3,FALSE,119,4.69,142,5.59,147,5.79,5,307,BAY,,,JUV,0,1,2,0,3,FALSE,,FALSE,FALSE,,,0+0,0+0,0+0,0+0,357.12,,0,0,0,0,0,0.378082192,VA,0,,,,,,,,,,,
2006,169,Sheepshead,AP6-171,C050,,18,,100,,,C,1,10,17,10/17/2006,0.217,98.43,FALSE,130,5.12,153,6.02,162,6.38,6,307,BAY,,,JUV,0,2,1,0,3,FALSE,,FALSE,FALSE,,,0+0,0+0,0+0,0+0,397.52,,0,0,0,0,0,0.380821918,VA,0,,,,,,,,,,,
2006,170,Sheepshead,AP6-172,C051,,18,,100,,,C,1,10,27,10/27/2006,0.259,117.5,FALSE,140,5.51,165,6.5,173,6.81,6,307,BAY,,,JUV,0,2,1,0,3,FALSE,,FALSE,FALSE,,,0+0,0+0,0+0,0+0,325.12,,0,0,0,0,0,0.408219178,VA,0,,,,,,,,,,,
2006,171,Sheepshead,AP6-173,C052,,18,,100,,,C,1,10,30,10/30/2006,0.159,72.12,FALSE,121,4.76,141,5.55,152,5.98,5,307,BAY,,,JUV,0,2,1,0,3,FALSE,,FALSE,FALSE,,,0+0,0+0,0+0,0+0,531.6,,0,0,0,0,0,0.416438356,VA,0,,,,,,,,,,,
2006,172,Sheepshead,AP6-174,C053,,18,,100,,,C,1,10,30,10/30/2006,0.138,62.6,FALSE,119,4.69,138,5.43,146,5.75,5,307,BAY,,,JUV,0,1,2,0,3,FALSE,,FALSE,FALSE,,,0+0,0+0,0+0,0+0,396.69,,0,0,0,0,0,0.416438356,VA,0,,,,,,,,,,,
2006,173,Sheepshead,AP6-175,C054,,18,,100,,,C,1,11,1,11/1/2006,0.071,32.21,FALSE,97,3.82,111,4.37,118,4.65,4,347,BAY,,,JUV,0,1,2,0,3,FALSE,,FALSE,FALSE,,,0+0,0+0,0+0,0+0,449.87,,0,0,0,0,0,0.421917808,VA,0,,,,,,,,,,,
2006,174,Sheepshead,AP6-176,TL001,,,,,,,R,1,,,,0.011,5.856,FALSE,54,2.13,66,2.6,69,2.72,2,,,,,JUV,0,1,2,0,3,FALSE,,FALSE,FALSE,,,0+0,0+0,0+0,0+0,,,0,0,0,0,0,,VA,0,,,,,,,,,,1 Otolith recovered,
2006,175,Sheepshead,AP6-177,TL002,,,,,,,R,1,,,,0.026,14.39,FALSE,74,2.91,89,3.5,96,3.78,3,,,,,JUV,0,2,2,0,3,FALSE,,FALSE,FALSE,,,0+0,0+0,0+0,0+0,,,0,0,0,0,0,,VA,0,,,,,,,,,,,
2006,176,Sheepshead,AP6-178,TL003,,,,,,,R,1,,,,0.027,14.78,FALSE,73,2.87,87,3.43,92,3.62,3,,,,,JUV,0,2,1,0,3,FALSE,,FALSE,FALSE,,,0+0,0+0,0+0,0+0,,,0,0,0,0,0,,VA,0,,,,,,,,,,,
